{"cameraMode":{"drawMode":0,"name":"Shaded","section":"Shading Mode"},"sceneLighting":false,"audioPlay":false,"sceneViewState":{"showFog":true,"showMaterialUpdate":true,"showSkybox":true,"showFlares":true,"showImageEffects":true,"showParticleSystems":true,"showVisualEffectGraphs":true,"m_FxEnabled":true},"in2DMode":false,"pivot":{"x":10.90999984741211,"y":-4.590000152587891,"z":-11.470000267028809},"rotation":{"x":0.10330590605735779,"y":-0.013427471742033959,"z":0.0013947247061878443,"w":0.9945579767227173},"size":2.8905587196350099,"orthographic":false}